<?xml version="1.0" encoding="UTF-8"?>
<project-private xmlns="http://www.netbeans.org/ns/project-private/1">
    <editor-bookmarks xmlns="http://www.netbeans.org/ns/editor-bookmarks/2" lastBookmarkId="0"/>
    <open-files xmlns="http://www.netbeans.org/ns/projectui-open-files/2">
        <group>
            <file>file:/D:/SEMETER%202/PRO192/PE2021/Bai16_thi_pe/given/PaperNo_3/3/src/MyFan.java</file>
            <file>file:/D:/SEMETER%202/PRO192/PE2021/Bai16_thi_pe/given/PaperNo_3/3/src/Fan.java</file>
        </group>
    </open-files>
</project-private>
