<?xml version="1.0" encoding="UTF-8"?>
<project-private xmlns="http://www.netbeans.org/ns/project-private/1">
    <editor-bookmarks xmlns="http://www.netbeans.org/ns/editor-bookmarks/2" lastBookmarkId="0"/>
    <open-files xmlns="http://www.netbeans.org/ns/projectui-open-files/2">
        <group>
            <file>file:/C:/Users/trinh/Dropbox/Java_online_summer/Bai12_thi_pe/PE_PRO192_20FA_Trial_229946/PE_PRO192_20FA_Trial_229946/PaperNo_3/2/src/SpecCar.java</file>
            <file>file:/C:/Users/trinh/Dropbox/Java_online_summer/Bai12_thi_pe/PE_PRO192_20FA_Trial_229946/PE_PRO192_20FA_Trial_229946/PaperNo_3/2/src/Car.java</file>
        </group>
    </open-files>
</project-private>
